"rpafj.hjpsw@test";"rpafj";"hjpsw"
kqofb.achqx@test;kqofb;achqx
sqthh.thywt@test;sqthh;thywt
edxex.ornky@test;edxex;ornky
oqflv.zyxzj@test;oqflv;zyxzj
twybp.sseyt@test;twybp;sseyt
ddzvf.apreu@test;ddzvf;apreu
ejhox.ibyfc@test;ejhox;ibyfc
ydrzd.wusud@test;ydrzd;wusud
kfjfz.gulib@test;kfjfz;gulib
kadem.ogyha@test;kadem;ogyha
oswqn.kafcm@test;oswqn;kafcm
mvzso.qlmdn@test;mvzso;qlmdn
zjkrp.sqoyw@test;zjkrp;sqoyw
vnxyy.tdbwy@test;vnxyy;tdbwy
hfozw.mijsx@test;hfozw;mijsx
gotab.qxizu@test;gotab;qxizu
ryigl.ivyso@test;ryigl;ivyso
lggvg.zyggu@test;lggvg;zyggu
ijqwe.vmphw@test;ijqwe;vmphw
xiwzn.ruybx@test;xiwzn;ruybx
brmwc.rcybg@test;brmwc;rcybg
rdkct.ccwxe@test;rdkct;ccwxe
beabf.zshpp@test;beabf;zshpp
sncln.mrgrl@test;sncln;mrgrl
iolvz.yujck@test;iolvz;yujck
htawi.dnqjc@test;htawi;dnqjc
lidif.avbbc@test;lidif;avbbc
dmamq.jhjxm@test;dmamq;jhjxm
suowy.wyjmj@test;suowy;wyjmj
ceuhr.lmxkl@test;ceuhr;lmxkl
zlisk.mmeho@test;zlisk;mmeho
akgnj.veqot@test;akgnj;veqot
asuef.nmknv@test;asuef;nmknv
ckqqs.reocq@test;ckqqs;reocq
jfytf.oujhs@test;jfytf;oujhs
ondom.rexpy@test;ondom;rexpy
gakfx.bcaru@test;gakfx;bcaru
ersll.svdlj@test;ersll;svdlj
tsrrc.sciho@test;tsrrc;sciho
bppui.zkriw@test;bppui;zkriw
ulyel.orwyv@test;ulyel;orwyv
anmfk.xfbyp@test;anmfk;xfbyp
uopml.twnnm@test;uopml;twnnm
gvagw.mreqf@test;gvagw;mreqf
eemfg.enhyj@test;eemfg;enhyj
nqard.tdxit@test;nqard;tdxit
foalx.yhqmz@test;foalx;yhqmz
ornas.eivuy@test;ornas;eivuy
cijdg.lxgpu@test;cijdg;lxgpu
cjxqx.pjnxj@test;cjxqx;pjnxj
azdfe.urtlh@test;azdfe;urtlh
cwysh.xnktv@test;cwysh;xnktv
iyuxw.euzjo@test;iyuxw;euzjo
fqtil.aqhwh@test;fqtil;aqhwh
pckfg.mttoq@test;pckfg;mttoq
uodli.mgcqp@test;uodli;mgcqp
onvrd.wnfnz@test;onvrd;wnfnz
jxwas.dbeil@test;jxwas;dbeil
rzgrd.joxaw@test;rzgrd;joxaw
ykmcz.yslrr@test;ykmcz;yslrr
vorks.xqgbc@test;vorks;xqgbc
jyhxb.nskcr@test;jyhxb;nskcr
wpszq.ipuka@test;wpszq;ipuka
upqwx.foupo@test;upqwx;foupo
bhxnk.gorci@test;bhxnk;gorci
apipw.jkgcz@test;apipw;jkgcz
irbwz.jbvhp@test;irbwz;jbvhp
hypvi.nlntd@test;hypvi;nlntd
vkvwd.olkbp@test;vkvwd;olkbp
plpic.yjlwr@test;plpic;yjlwr
byuth.utsrd@test;byuth;utsrd
tuivb.lovoc@test;tuivb;lovoc
byqlc.zjrkc@test;byqlc;zjrkc
synup.ygjex@test;synup;ygjex
jiuut.zgciq@test;jiuut;zgciq
ctpxr.mdvtx@test;ctpxr;mdvtx
morah.newxa@test;morah;newxa
tiubi.spzzr@test;tiubi;spzzr
oentn.lcuzf@test;oentn;lcuzf
yfrde.tnvsa@test;yfrde;tnvsa
hycuc.ovidt@test;hycuc;ovidt
lugki.ehovi@test;lugki;ehovi
elwdg.kaigq@test;elwdg;kaigq
bxyqq.zbxag@test;bxyqq;zbxag
izaqx.xzefh@test;izaqx;xzefh
muqhc.zeuhr@test;muqhc;zeuhr
hbnhx.vgqkt@test;hbnhx;vgqkt
llthi.kqczn@test;llthi;kqczn
dqtif.olarg@test;dqtif;olarg
eqdgl.yijos@test;eqdgl;yijos
qlrql.bfvgx@test;qlrql;bfvgx
zmyod.kwbza@test;zmyod;kwbza
khckv.nkpcr@test;khckv;nkpcr
lpmzl.nizdp@test;lpmzl;nizdp
ljgcy.tmvmm@test;ljgcy;tmvmm
qyxzr.wnmqy@test;qyxzr;wnmqy
iogvu.pvcvl@test;iogvu;pvcvl
ligyy.bruqx@test;ligyy;bruqx
pnrec.ywjro@test;pnrec;ywjro
